insert into users (id, name, email, dept, password, remember_token)
values (
4,
'Surya Dewi',
'surya_dewi@hadiprana.co.id',
null,
'$2y$10$qHsHoBfKCw20eMAJkSuLVu7/rxjN4Ei1HlqDJ71L/VW080EmP6Mza',
'PS9eXsLDQxCZUIXIAJCEllXDDiH6ioMGCslBXbcAfSIMncozG88zs9Zx7p68'
);
insert into users (id, name, email, dept, password, remember_token)
values (
5,
'Yudi Hariyawan',
'yudi_hariyawan@hadiprana.co.id',
null,
'$2y$10$qHsHoBfKCw20eMAJkSuLVu7/rxjN4Ei1HlqDJ71L/VW080EmP6Mza',
'PS9eXsLDQxCZUIXIAJCEllXDDiH6ioMGCslBXbcAfSIMncozG88zs9Zx7p68'
);
insert into users (id, name, email, dept, password, remember_token)
values (
6,
'Didik Anas Ahmadi',
'didik@hadiprana.co.id',
null,
'$2y$10$qHsHoBfKCw20eMAJkSuLVu7/rxjN4Ei1HlqDJ71L/VW080EmP6Mza',
'PS9eXsLDQxCZUIXIAJCEllXDDiH6ioMGCslBXbcAfSIMncozG88zs9Zx7p68'
);
insert into users (id, name, email, dept, password, remember_token)
values (
7,
'Vanny Ekariyanti',
'vanny@hadiprana.co.id',
null,
'$2y$10$qHsHoBfKCw20eMAJkSuLVu7/rxjN4Ei1HlqDJ71L/VW080EmP6Mza',
'PS9eXsLDQxCZUIXIAJCEllXDDiH6ioMGCslBXbcAfSIMncozG88zs9Zx7p68'
);
insert into users (id, name, email, dept, password, remember_token)
values (
8,
'Dewa Ayu Sri Winanti',
'das_wina@hadiprana.co.id',
null,
'$2y$10$qHsHoBfKCw20eMAJkSuLVu7/rxjN4Ei1HlqDJ71L/VW080EmP6Mza',
'PS9eXsLDQxCZUIXIAJCEllXDDiH6ioMGCslBXbcAfSIMncozG88zs9Zx7p68'
);
insert into users (id, name, email, dept, password, remember_token)
values (
9,
'Wawan',
'wawan@hadiprana.co.id',
null,
'$2y$10$qHsHoBfKCw20eMAJkSuLVu7/rxjN4Ei1HlqDJ71L/VW080EmP6Mza',
'PS9eXsLDQxCZUIXIAJCEllXDDiH6ioMGCslBXbcAfSIMncozG88zs9Zx7p68'
);

insert into app_user (id, app_id, user_id) values
(4, 1, 4);
insert into app_user (id, app_id, user_id) values
(5, 1, 5);
insert into app_user (id, app_id, user_id) values
(6, 1, 6);
insert into app_user (id, app_id, user_id) values
(7, 1, 7);
insert into app_user (id, app_id, user_id) values
(8, 1, 8);
insert into app_user (id, app_id, user_id) values
(9, 1, 9);

insert into role_user (id, app_id, role_id, user_id) values
( 4, 1, 3, 4 );
insert into role_user (id, app_id, role_id, user_id) values
( 5, 1, 3, 5 );
insert into role_user (id, app_id, role_id, user_id) values
( 6, 1, 3, 6 );
insert into role_user (id, app_id, role_id, user_id) values
( 7, 1, 3, 7 );
insert into role_user (id, app_id, role_id, user_id) values
( 8, 1, 3, 8 );
insert into role_user (id, app_id, role_id, user_id) values
( 9, 1, 3, 9 );























